Invoice,Date,RegionID,ProductID,Qty,Discount
INV-10729,2025-01-01,R02,P300,5,0.05
INV-10745,2025-01-01,R04,P100,15,0.1
INV-10030,2025-01-02,R03,P600,17,0
INV-10481,2025-01-02,R02,P600,19,0
INV-10850,2025-01-02,R01,P100,4,0.1
INV-10881,2025-01-02,R03,P300,21,0.05
INV-10825,2025-01-03,R03,P400,7,0
INV-10941,2025-01-03,R04,P500,18,0
INV-10997,2025-01-03,R01,P600,19,0
INV-10042,2025-01-04,R01,P100,8,0
INV-10282,2025-01-04,R02,P200,19,0.1
INV-10292,2025-01-04,R03,P200,7,0
INV-10805,2025-01-04,R03,P500,18,0.05
INV-10525,2025-01-05,R04,P200,12,0
INV-10642,2025-01-05,R03,P100,4,0.1
INV-10856,2025-01-05,R02,P200,11,0.05
INV-10869,2025-01-06,R02,P600,17,0.1
INV-10940,2025-01-06,R02,P500,4,0
INV-11079,2025-01-06,R02,P100,12,0.05
INV-10140,2025-01-07,R04,P400,4,0.1
INV-10907,2025-01-07,R03,P600,7,0.1
INV-11042,2025-01-07,R02,P600,13,0
INV-10461,2025-01-08,R03,P600,10,0
INV-10659,2025-01-08,R02,P300,2,0
INV-10830,2025-01-08,R02,P300,1,0
INV-10258,2025-01-09,R03,P200,2,0
INV-10517,2025-01-09,R04,P300,10,0
INV-10527,2025-01-09,R04,P100,1,0
INV-10529,2025-01-09,R04,P500,6,0
INV-10129,2025-01-10,R01,P600,12,0
INV-11090,2025-01-10,R01,P200,18,0
INV-11119,2025-01-10,R03,P500,25,0
INV-10041,2025-01-11,R02,P500,19,0
INV-10749,2025-01-11,R03,P300,4,0
INV-10783,2025-01-11,R03,P300,10,0.05
INV-11112,2025-01-11,R04,P600,12,0
INV-10588,2025-01-12,R01,P300,22,0
INV-10980,2025-01-12,R01,P200,5,0
INV-10686,2025-01-13,R03,P200,21,0
INV-10923,2025-01-13,R03,P500,17,0.1
INV-10389,2025-01-14,R03,P300,15,0
INV-10759,2025-01-14,R02,P200,21,0.05
INV-10089,2025-01-15,R03,P100,6,0.05
INV-10375,2025-01-16,R04,P200,2,0
INV-10720,2025-01-16,R01,P300,16,0.05
INV-10003,2025-01-17,R01,P100,7,0
INV-10043,2025-01-17,R01,P300,17,0
INV-10791,2025-01-17,R01,P400,12,0
INV-10231,2025-01-18,R03,P500,24,0
INV-10361,2025-01-19,R02,P300,2,0
INV-10090,2025-01-20,R04,P100,12,0.05
INV-10244,2025-01-20,R04,P300,4,0
INV-10345,2025-01-20,R04,P300,23,0
INV-10781,2025-01-20,R03,P400,23,0
INV-10829,2025-01-20,R02,P500,24,0.05
INV-10930,2025-01-20,R01,P100,2,0
INV-10854,2025-01-21,R03,P300,22,0.05
INV-10079,2025-01-22,R03,P300,2,0.05
INV-10362,2025-01-22,R03,P300,17,0.1
INV-10968,2025-01-22,R02,P600,17,0.05
INV-10010,2025-01-23,R04,P600,18,0
INV-10205,2025-01-23,R04,P300,23,0.1
INV-10332,2025-01-23,R03,P400,22,0
INV-10675,2025-01-23,R02,P100,2,0.1
INV-10291,2025-01-24,R04,P200,20,0
INV-10424,2025-01-24,R02,P100,23,0.05
INV-10482,2025-01-24,R03,P400,23,0
INV-10883,2025-01-24,R04,P200,5,0.1
INV-10108,2025-01-26,R02,P500,4,0.1
INV-10756,2025-01-26,R04,P400,5,0
INV-10782,2025-01-26,R04,P600,9,0.05
INV-10276,2025-01-27,R03,P300,12,0
INV-10286,2025-01-27,R02,P200,25,0
INV-10432,2025-01-27,R04,P500,6,0.1
INV-10450,2025-01-27,R04,P100,11,0.1
INV-11178,2025-01-28,R01,P400,3,0.1
INV-10216,2025-01-29,R03,P300,12,0.1
INV-10478,2025-01-29,R02,P400,17,0.1
INV-10982,2025-01-29,R03,P200,6,0.1
INV-11096,2025-01-29,R04,P300,3,0.1
INV-10665,2025-01-30,R01,P200,14,0
INV-10689,2025-01-31,R03,P200,3,0
INV-11177,2025-01-31,R02,P300,23,0.05
INV-10263,2025-02-01,R04,P400,14,0
INV-10315,2025-02-01,R01,P400,11,0
INV-10436,2025-02-01,R02,P600,17,0
INV-10475,2025-02-01,R02,P500,19,0
INV-10715,2025-02-01,R03,P100,13,0
INV-11187,2025-02-01,R03,P600,13,0
INV-10117,2025-02-02,R04,P400,11,0.1
INV-10630,2025-02-02,R04,P500,7,0.1
INV-11068,2025-02-02,R01,P400,1,0.1
INV-10320,2025-02-03,R01,P300,18,0.1
INV-10789,2025-02-03,R04,P300,5,0
INV-10376,2025-02-04,R03,P200,12,0.1
INV-11026,2025-02-04,R02,P400,22,0
INV-10036,2025-02-05,R02,P500,5,0.1
INV-10283,2025-02-05,R01,P200,3,0
INV-10176,2025-02-06,R02,P100,10,0.05
INV-10296,2025-02-06,R01,P400,14,0
INV-10065,2025-02-07,R04,P100,20,0
INV-10066,2025-02-07,R02,P500,17,0.05
INV-10222,2025-02-07,R03,P400,19,0.05
INV-10384,2025-02-07,R02,P400,23,0.1
INV-10420,2025-02-07,R04,P400,25,0.05
INV-10915,2025-02-07,R03,P600,17,0
INV-10236,2025-02-08,R02,P200,22,0.1
INV-10374,2025-02-08,R04,P600,12,0
INV-10523,2025-02-08,R01,P600,25,0
INV-10539,2025-02-08,R03,P600,18,0
INV-10708,2025-02-08,R01,P100,7,0.1
INV-10958,2025-02-08,R01,P100,19,0.1
INV-10312,2025-02-09,R01,P600,20,0.1
INV-10641,2025-02-09,R02,P200,17,0.1
INV-10347,2025-02-10,R03,P100,7,0
INV-10370,2025-02-10,R03,P300,10,0.1
INV-10873,2025-02-10,R04,P400,19,0.1
INV-11152,2025-02-10,R03,P100,12,0.1
INV-10343,2025-02-11,R02,P300,1,0.05
INV-10760,2025-02-11,R01,P400,10,0.1
INV-10125,2025-02-12,R04,P600,5,0.1
INV-10368,2025-02-12,R04,P600,3,0.1
INV-10557,2025-02-13,R02,P600,19,0
INV-10984,2025-02-13,R04,P200,20,0.1
INV-11070,2025-02-13,R04,P600,10,0
INV-10144,2025-02-14,R04,P300,8,0.1
INV-10385,2025-02-14,R03,P600,22,0.05
INV-10463,2025-02-14,R01,P400,6,0
INV-10774,2025-02-14,R04,P400,18,0.05
INV-10454,2025-02-15,R02,P600,18,0
INV-10555,2025-02-15,R01,P300,20,0.05
INV-10874,2025-02-15,R04,P400,11,0
INV-10184,2025-02-16,R03,P400,14,0.05
INV-10232,2025-02-16,R03,P300,24,0.1
INV-10700,2025-02-16,R03,P200,23,0
INV-10053,2025-02-17,R02,P200,14,0.1
INV-10102,2025-02-17,R03,P200,8,0
INV-10151,2025-02-17,R02,P300,13,0
INV-10195,2025-02-17,R01,P200,15,0
INV-10273,2025-02-17,R01,P400,24,0.05
INV-10629,2025-02-17,R04,P600,21,0.05
INV-10637,2025-02-17,R03,P600,9,0
INV-10991,2025-02-17,R02,P400,20,0
INV-11100,2025-02-18,R02,P500,16,0.1
INV-11146,2025-02-18,R04,P100,12,0
INV-10009,2025-02-19,R03,P300,20,0.05
INV-10530,2025-02-19,R02,P500,8,0
INV-10344,2025-02-20,R03,P600,5,0
INV-10157,2025-02-21,R03,P200,8,0.05
INV-10208,2025-02-21,R04,P500,1,0
INV-10451,2025-02-21,R02,P600,1,0
INV-10493,2025-02-21,R01,P500,15,0
INV-10949,2025-02-21,R01,P300,7,0.05
INV-11006,2025-02-21,R04,P200,11,0
INV-11132,2025-02-21,R02,P600,18,0.1
INV-10137,2025-02-22,R03,P600,22,0
INV-10553,2025-02-22,R01,P200,6,0.1
INV-10674,2025-02-22,R01,P500,8,0
INV-10705,2025-02-22,R01,P200,1,0
INV-10688,2025-02-23,R02,P200,14,0.1
INV-10928,2025-02-23,R04,P200,21,0
INV-10071,2025-02-24,R02,P600,9,0.05
INV-10777,2025-02-24,R01,P500,10,0.05
INV-10846,2025-02-24,R02,P400,20,0
INV-10884,2025-02-24,R02,P300,7,0
INV-10417,2025-02-25,R02,P400,9,0.05
INV-10886,2025-02-25,R01,P400,21,0
INV-10025,2025-02-26,R02,P200,22,0.1
INV-10290,2025-02-26,R04,P300,17,0.05
INV-11123,2025-02-26,R01,P100,2,0
INV-10029,2025-02-27,R04,P300,6,0.1
INV-10077,2025-02-27,R02,P100,18,0
INV-10776,2025-02-27,R02,P400,5,0
INV-10865,2025-02-27,R04,P400,2,0
INV-10163,2025-02-28,R04,P100,16,0
INV-10279,2025-02-28,R02,P300,14,0
INV-10920,2025-02-28,R03,P600,15,0
INV-10584,2025-03-01,R02,P600,12,0.05
INV-10511,2025-03-02,R04,P600,8,0
INV-10617,2025-03-02,R02,P200,24,0.05
INV-10670,2025-03-02,R03,P100,14,0.05
INV-10040,2025-03-03,R02,P200,3,0.05
INV-10667,2025-03-03,R02,P100,23,0
INV-10698,2025-03-03,R03,P500,25,0
INV-10770,2025-03-03,R02,P400,6,0
INV-10193,2025-03-04,R02,P100,23,0
INV-10388,2025-03-04,R02,P200,8,0.1
INV-11098,2025-03-04,R02,P600,13,0.1
INV-10838,2025-03-05,R01,P300,13,0.05
INV-10207,2025-03-06,R03,P500,4,0.1
INV-10325,2025-03-07,R01,P600,21,0.1
INV-10709,2025-03-07,R03,P100,4,0
INV-10890,2025-03-07,R04,P100,22,0.05
INV-10274,2025-03-08,R01,P500,19,0.05
INV-10394,2025-03-08,R01,P400,4,0
INV-10827,2025-03-08,R04,P500,21,0.1
INV-10067,2025-03-09,R01,P300,8,0.05
INV-10257,2025-03-09,R03,P100,8,0.05
INV-10837,2025-03-09,R01,P200,19,0
INV-11072,2025-03-09,R02,P500,1,0
INV-11159,2025-03-09,R01,P300,16,0
INV-10109,2025-03-10,R03,P400,25,0.1
INV-10358,2025-03-10,R03,P100,18,0.05
INV-10893,2025-03-10,R04,P200,20,0.05
INV-10954,2025-03-10,R03,P600,16,0.1
INV-10962,2025-03-10,R01,P400,13,0.05
INV-10981,2025-03-10,R01,P600,19,0
INV-10563,2025-03-11,R01,P300,13,0.05
INV-10622,2025-03-11,R01,P400,9,0
INV-10734,2025-03-11,R04,P200,21,0.1
INV-10448,2025-03-12,R02,P100,8,0
INV-10822,2025-03-12,R03,P200,14,0.1
INV-11147,2025-03-12,R03,P300,19,0
INV-10022,2025-03-13,R03,P200,24,0.1
INV-10496,2025-03-13,R03,P500,8,0.05
INV-10573,2025-03-13,R03,P600,8,0.05
INV-10410,2025-03-14,R01,P100,10,0.1
INV-10352,2025-03-15,R04,P300,1,0.05
INV-10423,2025-03-15,R04,P200,17,0
INV-10498,2025-03-15,R02,P600,14,0.05
INV-10823,2025-03-15,R02,P300,25,0
INV-10217,2025-03-16,R04,P200,19,0
INV-10305,2025-03-16,R02,P300,6,0
INV-10445,2025-03-16,R01,P300,10,0
INV-10900,2025-03-16,R01,P100,7,0.05
INV-11050,2025-03-16,R02,P600,16,0
INV-11197,2025-03-16,R01,P600,25,0.05
INV-10103,2025-03-17,R01,P100,8,0.1
INV-10106,2025-03-17,R01,P600,25,0
INV-10433,2025-03-17,R02,P600,2,0
INV-10851,2025-03-18,R01,P100,24,0
INV-10435,2025-03-19,R02,P400,14,0.1
INV-10765,2025-03-19,R01,P600,3,0.05
INV-11093,2025-03-19,R04,P100,7,0.05
INV-11199,2025-03-19,R01,P200,5,0
INV-10032,2025-03-20,R02,P300,18,0
INV-10550,2025-03-20,R02,P400,24,0.1
INV-10663,2025-03-21,R03,P500,13,0
INV-11000,2025-03-21,R03,P400,9,0.1
INV-11034,2025-03-21,R01,P100,3,0.1
INV-11170,2025-03-21,R01,P600,4,0
INV-10170,2025-03-22,R02,P200,18,0
INV-10171,2025-03-22,R04,P100,15,0.1
INV-10405,2025-03-22,R04,P400,16,0.1
INV-11015,2025-03-22,R03,P100,25,0.1
INV-11185,2025-03-22,R03,P100,22,0.05
INV-10111,2025-03-23,R04,P600,15,0.05
INV-10901,2025-03-24,R03,P300,5,0
INV-11007,2025-03-24,R01,P400,3,0
INV-11062,2025-03-24,R02,P300,11,0.05
INV-10017,2025-03-25,R04,P400,9,0
INV-10668,2025-03-25,R03,P400,17,0.05
INV-10748,2025-03-25,R01,P400,2,0.05
INV-11084,2025-03-25,R04,P600,13,0
INV-10476,2025-03-26,R04,P300,4,0
INV-10697,2025-03-26,R04,P400,11,0.1
INV-10836,2025-03-26,R01,P400,8,0
INV-10560,2025-03-27,R03,P400,14,0.05
INV-10669,2025-03-27,R02,P300,24,0.05
INV-10746,2025-03-27,R04,P400,13,0.05
INV-10833,2025-03-27,R01,P100,10,0.05
INV-10101,2025-03-28,R01,P600,10,0.05
INV-10303,2025-03-28,R01,P100,17,0
INV-11168,2025-03-28,R04,P300,20,0
INV-10218,2025-03-29,R01,P200,20,0.1
INV-10712,2025-03-30,R02,P300,6,0.05
INV-10790,2025-03-30,R02,P200,2,0
INV-10233,2025-03-31,R02,P200,18,0.05
INV-10455,2025-03-31,R02,P400,2,0.1
INV-10462,2025-03-31,R04,P500,14,0.05
INV-10727,2025-03-31,R01,P400,3,0
INV-10956,2025-03-31,R01,P600,9,0
INV-11011,2025-03-31,R04,P600,15,0
INV-10567,2025-04-01,R03,P400,10,0.1
INV-10724,2025-04-01,R03,P200,24,0.05
INV-10730,2025-04-01,R01,P300,1,0
INV-10990,2025-04-01,R01,P400,18,0
INV-11051,2025-04-01,R04,P400,5,0.05
INV-10083,2025-04-02,R03,P600,14,0
INV-10158,2025-04-02,R01,P300,23,0
INV-10540,2025-04-02,R01,P300,7,0
INV-10680,2025-04-02,R01,P200,13,0
INV-11124,2025-04-02,R02,P100,4,0.1
INV-10327,2025-04-03,R03,P200,25,0.1
INV-10331,2025-04-03,R02,P600,24,0.1
INV-10719,2025-04-03,R03,P100,20,0
INV-10863,2025-04-03,R04,P500,25,0.05
INV-10945,2025-04-03,R01,P600,25,0.1
INV-11097,2025-04-03,R03,P200,13,0
INV-11137,2025-04-03,R04,P500,17,0.05
INV-10126,2025-04-04,R03,P100,13,0.05
INV-10739,2025-04-04,R03,P500,20,0
INV-11031,2025-04-04,R02,P600,16,0
INV-10522,2025-04-05,R01,P500,17,0
INV-10762,2025-04-05,R04,P300,12,0
INV-10916,2025-04-05,R01,P500,17,0
INV-10060,2025-04-06,R01,P100,22,0
INV-10381,2025-04-06,R04,P400,18,0
INV-10910,2025-04-06,R01,P200,13,0
INV-11091,2025-04-06,R03,P100,9,0
INV-10190,2025-04-07,R03,P500,20,0.1
INV-10787,2025-04-07,R02,P400,14,0.1
INV-11083,2025-04-07,R04,P400,13,0
INV-10434,2025-04-08,R04,P100,11,0.1
INV-11121,2025-04-08,R04,P500,25,0
INV-11133,2025-04-08,R02,P200,19,0
INV-10155,2025-04-09,R01,P300,24,0
INV-10156,2025-04-09,R04,P200,9,0.05
INV-10328,2025-04-09,R02,P200,5,0
INV-10440,2025-04-09,R03,P200,18,0.05
INV-10771,2025-04-09,R01,P200,14,0
INV-11125,2025-04-09,R01,P100,19,0.1
INV-10335,2025-04-10,R04,P300,15,0.05
INV-10909,2025-04-10,R04,P300,6,0
INV-10397,2025-04-11,R03,P600,5,0.05
INV-10518,2025-04-11,R02,P300,13,0
INV-10224,2025-04-12,R04,P400,4,0
INV-10895,2025-04-13,R03,P200,22,0.05
INV-10696,2025-04-14,R01,P200,5,0
INV-11012,2025-04-14,R03,P600,7,0
INV-10406,2025-04-15,R02,P300,11,0.05
INV-11002,2025-04-15,R04,P400,6,0.05
INV-11174,2025-04-15,R03,P500,18,0.1
INV-10619,2025-04-16,R01,P200,19,0.05
INV-10169,2025-04-17,R02,P600,9,0
INV-10849,2025-04-17,R04,P600,11,0
INV-10080,2025-04-18,R02,P600,22,0
INV-10099,2025-04-18,R03,P400,15,0.1
INV-10927,2025-04-18,R02,P600,22,0.1
INV-11067,2025-04-18,R04,P200,4,0
INV-10038,2025-04-19,R02,P500,23,0.05
INV-10127,2025-04-19,R03,P400,11,0.1
INV-10631,2025-04-19,R03,P400,11,0.05
INV-10976,2025-04-19,R02,P200,6,0.05
INV-10447,2025-04-20,R03,P200,18,0.05
INV-10648,2025-04-20,R02,P600,14,0.1
INV-10008,2025-04-21,R01,P300,3,0.1
INV-10289,2025-04-21,R01,P500,12,0.1
INV-10701,2025-04-21,R02,P300,3,0
INV-10649,2025-04-22,R01,P100,5,0
INV-10470,2025-04-23,R04,P200,5,0.1
INV-10610,2025-04-23,R01,P300,9,0
INV-10723,2025-04-23,R04,P500,12,0
INV-10581,2025-04-24,R02,P500,15,0.05
INV-10706,2025-04-24,R02,P200,13,0.05
INV-10798,2025-04-24,R02,P600,22,0
INV-10817,2025-04-24,R02,P300,24,0.05
INV-10918,2025-04-24,R03,P200,11,0.05
INV-10944,2025-04-24,R03,P500,7,0
INV-11127,2025-04-24,R01,P500,1,0
INV-11158,2025-04-24,R03,P400,13,0
INV-10278,2025-04-25,R03,P100,18,0.05
INV-10736,2025-04-25,R02,P600,13,0.05
INV-10441,2025-04-26,R03,P300,23,0
INV-10908,2025-04-26,R03,P600,25,0
INV-11019,2025-04-26,R02,P500,15,0.1
INV-10213,2025-04-27,R01,P600,14,0
INV-10269,2025-04-27,R03,P400,15,0.1
INV-10547,2025-04-27,R04,P300,14,0
INV-10490,2025-04-28,R04,P200,12,0
INV-10538,2025-04-28,R04,P200,9,0
INV-11033,2025-04-28,R02,P200,20,0.05
INV-10220,2025-04-29,R03,P400,15,0.05
INV-10690,2025-04-29,R04,P500,23,0.05
INV-10967,2025-04-29,R03,P100,12,0
INV-10334,2025-04-30,R02,P500,10,0.1
INV-10495,2025-04-30,R02,P500,25,0
INV-10728,2025-04-30,R02,P500,1,0.1
INV-11111,2025-04-30,R03,P300,15,0
INV-11148,2025-04-30,R03,P300,3,0.1
INV-10245,2025-05-01,R02,P500,13,0.1
INV-11032,2025-05-01,R02,P600,9,0
INV-11049,2025-05-01,R04,P500,13,0
INV-11066,2025-05-01,R03,P600,24,0
INV-10082,2025-05-02,R02,P200,14,0
INV-10349,2025-05-02,R01,P300,2,0
INV-11044,2025-05-02,R04,P300,20,0.05
INV-10132,2025-05-03,R04,P200,22,0
INV-10353,2025-05-04,R04,P500,6,0
INV-10415,2025-05-04,R03,P200,2,0
INV-10503,2025-05-04,R03,P200,23,0
INV-10253,2025-05-05,R02,P200,3,0
INV-10301,2025-05-05,R04,P400,17,0
INV-10589,2025-05-05,R02,P500,18,0
INV-11024,2025-05-05,R04,P300,22,0.1
INV-11164,2025-05-05,R03,P100,25,0.1
INV-11171,2025-05-05,R02,P500,10,0
INV-10001,2025-05-06,R02,P200,24,0
INV-10494,2025-05-06,R01,P600,13,0.1
INV-10112,2025-05-07,R03,P600,25,0.1
INV-10131,2025-05-07,R01,P200,20,0
INV-10549,2025-05-07,R01,P600,3,0.05
INV-10624,2025-05-07,R04,P600,16,0
INV-10953,2025-05-07,R04,P200,9,0.05
INV-11071,2025-05-07,R03,P600,15,0
INV-11099,2025-05-07,R01,P600,7,0.1
INV-10652,2025-05-08,R03,P500,25,0
INV-10678,2025-05-08,R03,P400,9,0
INV-11108,2025-05-08,R04,P200,3,0.05
INV-10931,2025-05-09,R01,P500,19,0
INV-10947,2025-05-09,R02,P100,24,0.1
INV-11113,2025-05-09,R04,P100,23,0.1
INV-10188,2025-05-10,R01,P300,25,0.1
INV-10092,2025-05-11,R04,P100,1,0
INV-10293,2025-05-11,R03,P300,4,0
INV-10995,2025-05-11,R02,P400,3,0.05
INV-11054,2025-05-11,R01,P400,15,0.05
INV-10852,2025-05-12,R02,P600,15,0.05
INV-10796,2025-05-13,R01,P600,10,0
INV-10932,2025-05-13,R04,P400,15,0.1
INV-10063,2025-05-14,R03,P200,8,0.05
INV-10694,2025-05-14,R04,P300,23,0.05
INV-10703,2025-05-14,R01,P200,13,0.1
INV-10866,2025-05-14,R03,P600,1,0
INV-11055,2025-05-14,R03,P300,18,0.05
INV-10382,2025-05-15,R04,P300,7,0.05
INV-10596,2025-05-15,R04,P600,17,0.05
INV-10764,2025-05-15,R03,P200,19,0
INV-10847,2025-05-15,R02,P500,12,0.1
INV-10971,2025-05-15,R02,P500,13,0.1
INV-11009,2025-05-15,R03,P200,3,0
INV-11085,2025-05-15,R04,P100,21,0
INV-10174,2025-05-16,R02,P600,14,0
INV-10210,2025-05-16,R04,P300,21,0
INV-10238,2025-05-16,R01,P500,15,0.05
INV-10853,2025-05-16,R01,P400,4,0
INV-10084,2025-05-17,R01,P200,13,0
INV-10786,2025-05-18,R04,P600,20,0
INV-10799,2025-05-18,R04,P600,17,0
INV-10154,2025-05-19,R03,P300,8,0
INV-11064,2025-05-19,R03,P400,24,0.1
INV-10122,2025-05-20,R04,P400,1,0.1
INV-10281,2025-05-20,R03,P600,11,0.05
INV-10365,2025-05-20,R03,P100,14,0.1
INV-10459,2025-05-20,R01,P200,11,0
INV-11089,2025-05-20,R04,P600,7,0.05
INV-10159,2025-05-21,R01,P100,18,0.05
INV-10227,2025-05-21,R01,P100,20,0.1
INV-10266,2025-05-21,R03,P500,13,0.05
INV-10499,2025-05-21,R02,P100,21,0.1
INV-10792,2025-05-21,R04,P300,17,0.1
INV-10892,2025-05-21,R03,P400,10,0.1
INV-11116,2025-05-21,R02,P500,3,0
INV-10251,2025-05-22,R01,P200,15,0
INV-10491,2025-05-22,R01,P200,2,0.1
INV-10775,2025-05-22,R04,P500,1,0.1
INV-10780,2025-05-22,R02,P400,20,0.1
INV-10014,2025-05-23,R03,P400,6,0.05
INV-10044,2025-05-23,R04,P600,7,0
INV-10051,2025-05-23,R02,P400,3,0.1
INV-10128,2025-05-23,R03,P400,3,0.1
INV-10183,2025-05-23,R04,P200,21,0.1
INV-10662,2025-05-23,R03,P100,3,0
INV-10248,2025-05-24,R03,P100,7,0.1
INV-10713,2025-05-24,R02,P400,2,0
INV-11047,2025-05-24,R02,P400,19,0
INV-10416,2025-05-25,R04,P400,10,0
INV-10937,2025-05-25,R04,P400,13,0
INV-10068,2025-05-26,R04,P200,18,0.05
INV-10321,2025-05-26,R02,P300,11,0
INV-10339,2025-05-26,R02,P100,9,0.1
INV-11058,2025-05-26,R03,P300,22,0.1
INV-11143,2025-05-26,R01,P500,17,0
INV-10056,2025-05-27,R04,P400,5,0
INV-10114,2025-05-27,R03,P200,11,0.05
INV-10228,2025-05-27,R03,P200,8,0
INV-10364,2025-05-27,R01,P300,21,0.05
INV-10484,2025-05-27,R02,P400,25,0
INV-10453,2025-05-28,R03,P300,21,0
INV-10013,2025-05-29,R02,P100,4,0.1
INV-10621,2025-05-29,R03,P500,17,0
INV-10936,2025-05-29,R03,P600,20,0
INV-11088,2025-05-29,R04,P100,20,0.1
INV-10172,2025-05-30,R02,P100,10,0.05
INV-10683,2025-05-30,R03,P500,24,0
INV-11082,2025-05-30,R02,P500,1,0.05
INV-11180,2025-05-30,R04,P600,8,0.1
INV-10815,2025-05-31,R04,P100,5,0.05
INV-10919,2025-05-31,R04,P200,18,0
INV-10057,2025-06-01,R01,P200,19,0
INV-10329,2025-06-01,R01,P100,22,0.05
INV-10848,2025-06-01,R01,P200,18,0.1
INV-10201,2025-06-02,R04,P500,5,0.1
INV-10404,2025-06-02,R01,P400,23,0
INV-10457,2025-06-02,R01,P500,11,0.05
INV-10489,2025-06-02,R04,P400,18,0.1
INV-10806,2025-06-02,R01,P600,16,0
INV-10502,2025-06-03,R02,P400,25,0.1
INV-10785,2025-06-03,R04,P600,25,0.05
INV-10559,2025-06-04,R04,P300,5,0
INV-10804,2025-06-04,R04,P600,19,0
INV-10843,2025-06-04,R01,P400,22,0.05
INV-11144,2025-06-04,R03,P100,8,0
INV-10395,2025-06-05,R02,P200,11,0
INV-11131,2025-06-05,R02,P100,17,0
INV-10086,2025-06-06,R02,P200,1,0
INV-10152,2025-06-06,R03,P600,16,0.05
INV-10168,2025-06-06,R01,P500,20,0
INV-10601,2025-06-06,R02,P100,12,0
INV-10942,2025-06-06,R03,P200,7,0.1
INV-10552,2025-06-07,R03,P400,25,0.05
INV-10324,2025-06-08,R04,P500,21,0.05
INV-10664,2025-06-08,R04,P600,24,0
INV-10135,2025-06-09,R01,P100,10,0.1
INV-10194,2025-06-09,R01,P500,18,0.1
INV-10832,2025-06-09,R01,P200,13,0.05
INV-10058,2025-06-10,R01,P100,19,0.1
INV-10271,2025-06-10,R03,P600,12,0
INV-10438,2025-06-10,R04,P200,18,0.05
INV-10019,2025-06-11,R03,P400,3,0
INV-10651,2025-06-11,R02,P200,9,0
INV-10952,2025-06-11,R02,P400,1,0.05
INV-11027,2025-06-11,R03,P400,17,0
INV-11145,2025-06-11,R03,P100,18,0
INV-10551,2025-06-12,R01,P300,3,0
INV-10695,2025-06-12,R03,P400,8,0
INV-10587,2025-06-13,R03,P100,2,0
INV-10742,2025-06-13,R01,P200,23,0.05
INV-10185,2025-06-14,R01,P600,6,0.05
INV-10265,2025-06-14,R02,P500,3,0
INV-10314,2025-06-14,R04,P500,17,0
INV-10871,2025-06-14,R03,P200,9,0
INV-10925,2025-06-14,R01,P500,4,0
INV-11120,2025-06-14,R01,P600,22,0.1
INV-11140,2025-06-15,R02,P500,19,0
INV-11165,2025-06-15,R01,P600,4,0.1
INV-11043,2025-06-16,R03,P300,6,0.05
INV-11105,2025-06-16,R02,P100,9,0
INV-10426,2025-06-17,R03,P500,6,0.1
INV-10546,2025-06-17,R03,P100,15,0.1
INV-11156,2025-06-17,R02,P500,5,0
INV-10211,2025-06-18,R04,P600,11,0.1
INV-10466,2025-06-18,R01,P300,9,0.05
INV-10590,2025-06-19,R04,P500,15,0
INV-10741,2025-06-19,R01,P600,8,0.05
INV-10754,2025-06-19,R02,P200,14,0.05
INV-10879,2025-06-19,R04,P500,23,0.05
INV-10948,2025-06-19,R02,P300,22,0
INV-10075,2025-06-20,R03,P200,6,0.1
INV-10510,2025-06-20,R01,P300,7,0
INV-10687,2025-06-21,R04,P100,24,0.05
INV-10123,2025-06-22,R04,P600,24,0
INV-10632,2025-06-22,R02,P500,19,0.1
INV-10807,2025-06-22,R03,P300,9,0.05
INV-10049,2025-06-23,R02,P100,7,0
INV-10319,2025-06-23,R01,P600,21,0.05
INV-10162,2025-06-24,R01,P200,9,0.1
INV-10878,2025-06-24,R01,P300,8,0.1
INV-11022,2025-06-24,R03,P100,18,0.05
INV-10585,2025-06-25,R02,P400,17,0.1
INV-10633,2025-06-25,R01,P600,2,0
INV-10750,2025-06-25,R04,P200,6,0
INV-10813,2025-06-25,R02,P600,22,0.1
INV-10835,2025-06-25,R03,P400,25,0
INV-11172,2025-06-25,R01,P600,10,0.1
INV-10357,2025-06-26,R01,P200,25,0.05
INV-10407,2025-06-26,R02,P400,25,0.05
INV-10718,2025-06-26,R03,P500,13,0.05
INV-11056,2025-06-26,R04,P100,4,0.05
INV-11167,2025-06-26,R01,P500,25,0.05
INV-10396,2025-06-27,R03,P500,3,0.05
INV-10446,2025-06-27,R03,P400,24,0.1
INV-10304,2025-06-28,R02,P300,8,0
INV-10443,2025-06-28,R03,P500,10,0
INV-10586,2025-06-28,R01,P400,15,0.1
INV-10598,2025-06-28,R04,P300,20,0
INV-10803,2025-06-28,R03,P400,7,0.1
INV-10088,2025-06-29,R04,P600,22,0.05
INV-10372,2025-06-29,R01,P400,24,0.05
INV-10310,2025-06-30,R01,P500,10,0.1
INV-10521,2025-06-30,R02,P200,24,0.1
INV-11016,2025-06-30,R04,P600,13,0
INV-10015,2025-07-01,R03,P200,23,0
INV-10047,2025-07-01,R04,P400,15,0
INV-10081,2025-07-01,R04,P500,20,0
INV-10147,2025-07-01,R03,P300,9,0.05
INV-11186,2025-07-01,R03,P600,8,0.05
INV-10702,2025-07-02,R01,P400,22,0.05
INV-10903,2025-07-03,R01,P400,20,0
INV-10966,2025-07-03,R02,P100,25,0.1
INV-10514,2025-07-04,R04,P500,15,0
INV-10577,2025-07-04,R01,P600,4,0
INV-10757,2025-07-04,R04,P100,3,0.05
INV-11129,2025-07-04,R04,P500,12,0
INV-10034,2025-07-05,R02,P300,2,0
INV-10141,2025-07-05,R04,P600,23,0
INV-10093,2025-07-06,R01,P400,22,0.05
INV-10318,2025-07-06,R03,P300,13,0.1
INV-10676,2025-07-06,R02,P400,6,0
INV-10595,2025-07-07,R02,P300,15,0
INV-10961,2025-07-07,R02,P400,25,0.05
INV-10972,2025-07-07,R01,P500,17,0.05
INV-11045,2025-07-07,R04,P200,14,0
INV-11078,2025-07-07,R03,P400,5,0.05
INV-10134,2025-07-08,R01,P200,25,0
INV-10645,2025-07-08,R02,P300,13,0
INV-10078,2025-07-09,R02,P500,14,0
INV-10246,2025-07-09,R04,P600,19,0
INV-10285,2025-07-09,R03,P300,25,0
INV-10378,2025-07-09,R04,P300,25,0
INV-10993,2025-07-09,R04,P100,8,0.1
INV-10338,2025-07-10,R01,P500,23,0
INV-10638,2025-07-10,R02,P600,2,0.1
INV-10858,2025-07-10,R02,P300,4,0.1
INV-10356,2025-07-11,R01,P300,12,0
INV-10284,2025-07-12,R04,P400,11,0
INV-10626,2025-07-12,R01,P400,21,0
INV-10973,2025-07-12,R04,P200,12,0.05
INV-11141,2025-07-12,R03,P500,12,0.1
INV-11176,2025-07-12,R01,P500,9,0
INV-10011,2025-07-13,R03,P100,21,0.05
INV-10508,2025-07-13,R01,P600,3,0
INV-10055,2025-07-14,R04,P100,9,0.1
INV-10295,2025-07-14,R02,P500,17,0.05
INV-10513,2025-07-14,R03,P400,10,0.05
INV-10535,2025-07-14,R04,P400,2,0
INV-10225,2025-07-15,R03,P500,19,0.05
INV-10336,2025-07-15,R04,P500,6,0
INV-10717,2025-07-15,R03,P600,16,0.1
INV-10922,2025-07-15,R04,P100,9,0.05
INV-10994,2025-07-15,R01,P300,14,0
INV-10116,2025-07-16,R02,P600,23,0
INV-10199,2025-07-16,R02,P200,3,0.05
INV-10465,2025-07-16,R04,P200,25,0.05
INV-10543,2025-07-16,R02,P600,23,0
INV-10644,2025-07-16,R01,P100,4,0.05
INV-11010,2025-07-16,R03,P400,23,0
INV-10206,2025-07-17,R02,P600,16,0
INV-10556,2025-07-17,R03,P100,14,0.1
INV-10655,2025-07-17,R02,P100,16,0
INV-10797,2025-07-17,R02,P100,19,0
INV-10988,2025-07-17,R01,P200,1,0
INV-10505,2025-07-18,R03,P200,7,0.05
INV-10657,2025-07-18,R04,P500,12,0
INV-10767,2025-07-18,R04,P500,18,0.1
INV-10969,2025-07-18,R04,P400,2,0
INV-10355,2025-07-19,R01,P400,21,0.1
INV-10593,2025-07-19,R02,P100,7,0.05
INV-10582,2025-07-20,R02,P400,12,0
INV-10654,2025-07-20,R01,P300,8,0.1
INV-10422,2025-07-21,R03,P300,18,0.05
INV-10569,2025-07-21,R01,P300,19,0
INV-10885,2025-07-21,R04,P200,7,0.05
INV-11040,2025-07-21,R02,P600,15,0
INV-11189,2025-07-21,R02,P600,3,0.1
INV-10021,2025-07-22,R04,P600,5,0.05
INV-10064,2025-07-22,R03,P200,15,0.05
INV-10302,2025-07-22,R03,P300,8,0.05
INV-10342,2025-07-22,R03,P500,8,0.1
INV-10592,2025-07-22,R02,P100,15,0.1
INV-10711,2025-07-22,R01,P400,13,0.1
INV-10769,2025-07-22,R01,P600,17,0
INV-11106,2025-07-22,R01,P200,2,0.1
INV-10136,2025-07-23,R02,P600,3,0
INV-10512,2025-07-23,R03,P200,25,0.05
INV-10532,2025-07-23,R03,P100,13,0.1
INV-10660,2025-07-23,R03,P500,21,0.1
INV-11053,2025-07-23,R02,P100,2,0
INV-10039,2025-07-24,R03,P600,15,0.1
INV-10087,2025-07-24,R03,P300,3,0.05
INV-10859,2025-07-24,R03,P400,13,0.1
INV-11029,2025-07-24,R03,P600,3,0
INV-10061,2025-07-26,R02,P100,19,0
INV-10418,2025-07-26,R01,P300,13,0
INV-10627,2025-07-26,R03,P500,23,0.05
INV-10828,2025-07-26,R04,P400,13,0
INV-10098,2025-07-27,R01,P500,10,0.05
INV-10299,2025-07-27,R03,P100,6,0.1
INV-10591,2025-07-27,R02,P600,6,0.1
INV-10812,2025-07-27,R01,P400,19,0
INV-10046,2025-07-28,R01,P200,4,0.1
INV-10149,2025-07-28,R02,P400,23,0.1
INV-10452,2025-07-28,R04,P600,16,0
INV-10209,2025-07-29,R02,P600,3,0.1
INV-10608,2025-07-29,R04,P600,14,0.1
INV-10186,2025-07-30,R04,P600,10,0.1
INV-10778,2025-07-30,R04,P300,21,0.1
INV-10516,2025-07-31,R02,P100,24,0
INV-10524,2025-07-31,R02,P200,3,0
INV-10876,2025-07-31,R01,P100,3,0.05
INV-11065,2025-07-31,R02,P200,1,0
INV-11087,2025-07-31,R01,P200,6,0
INV-11198,2025-07-31,R03,P400,15,0.05
INV-10118,2025-08-01,R02,P100,14,0.1
INV-10200,2025-08-01,R03,P300,1,0.05
INV-10247,2025-08-01,R01,P600,16,0.1
INV-10270,2025-08-01,R01,P600,11,0.1
INV-10917,2025-08-01,R04,P500,3,0.05
INV-10978,2025-08-01,R01,P300,16,0.1
INV-10430,2025-08-02,R03,P500,24,0
INV-10841,2025-08-02,R04,P400,4,0.05
INV-10862,2025-08-02,R04,P500,19,0.1
INV-10906,2025-08-02,R03,P600,18,0
INV-11153,2025-08-02,R02,P100,24,0
INV-10121,2025-08-03,R02,P500,16,0
INV-10350,2025-08-03,R04,P600,3,0
INV-10716,2025-08-03,R02,P200,21,0
INV-11046,2025-08-03,R03,P600,12,0.1
INV-10259,2025-08-04,R01,P500,24,0
INV-10818,2025-08-04,R03,P300,9,0.05
INV-10860,2025-08-04,R02,P600,4,0
INV-11061,2025-08-04,R04,P600,3,0
INV-11094,2025-08-04,R04,P300,12,0.1
INV-10661,2025-08-05,R04,P600,3,0
INV-10899,2025-08-05,R01,P100,1,0.1
INV-11166,2025-08-05,R03,P300,7,0.05
INV-10107,2025-08-06,R02,P200,23,0.1
INV-10153,2025-08-06,R03,P600,12,0.1
INV-10615,2025-08-06,R02,P100,10,0
INV-10855,2025-08-07,R01,P600,4,0
INV-10911,2025-08-08,R03,P300,5,0
INV-10565,2025-08-09,R02,P600,10,0.05
INV-10580,2025-08-09,R01,P100,4,0.05
INV-10933,2025-08-10,R01,P300,13,0
INV-10142,2025-08-11,R03,P200,20,0.1
INV-10693,2025-08-11,R02,P600,8,0.05
INV-10091,2025-08-12,R01,P500,13,0
INV-10545,2025-08-12,R01,P200,11,0.1
INV-10177,2025-08-13,R04,P100,23,0.05
INV-10179,2025-08-13,R01,P100,14,0.05
INV-10857,2025-08-13,R03,P500,24,0
INV-11092,2025-08-13,R01,P600,8,0
INV-10366,2025-08-14,R03,P400,6,0.1
INV-10635,2025-08-14,R01,P400,14,0
INV-10975,2025-08-14,R02,P200,3,0.05
INV-11169,2025-08-14,R02,P100,7,0.05
INV-10100,2025-08-15,R02,P600,17,0.1
INV-10249,2025-08-16,R03,P200,4,0.05
INV-10333,2025-08-16,R03,P500,25,0.1
INV-10743,2025-08-17,R03,P100,7,0
INV-10763,2025-08-17,R03,P100,15,0.1
INV-10955,2025-08-17,R03,P300,16,0
INV-11059,2025-08-17,R04,P100,20,0.05
INV-10486,2025-08-18,R04,P400,3,0
INV-10554,2025-08-18,R04,P500,4,0
INV-10575,2025-08-18,R04,P500,19,0.1
INV-11142,2025-08-18,R01,P400,24,0
INV-11192,2025-08-18,R02,P500,7,0
INV-10167,2025-08-19,R03,P400,19,0.1
INV-10341,2025-08-19,R01,P300,14,0
INV-10393,2025-08-19,R03,P400,5,0
INV-10606,2025-08-19,R01,P500,12,0
INV-10616,2025-08-19,R03,P300,3,0.1
INV-10887,2025-08-19,R02,P400,16,0
INV-11117,2025-08-19,R03,P300,18,0.05
INV-10261,2025-08-20,R02,P500,20,0
INV-10311,2025-08-20,R01,P100,12,0.05
INV-10699,2025-08-20,R04,P300,9,0
INV-10880,2025-08-20,R01,P100,25,0
INV-10267,2025-08-21,R04,P500,4,0
INV-10458,2025-08-21,R04,P600,5,0.1
INV-10628,2025-08-21,R03,P400,19,0
INV-10666,2025-08-21,R01,P500,10,0
INV-10987,2025-08-21,R01,P500,8,0.1
INV-11118,2025-08-21,R04,P100,24,0
INV-10203,2025-08-22,R02,P300,23,0
INV-10479,2025-08-22,R01,P500,18,0.1
INV-10834,2025-08-22,R03,P600,14,0
INV-10460,2025-08-23,R03,P600,23,0
INV-10691,2025-08-23,R01,P600,19,0
INV-10297,2025-08-24,R03,P100,19,0.1
INV-10313,2025-08-25,R01,P500,15,0
INV-10571,2025-08-25,R02,P600,15,0.05
INV-10710,2025-08-25,R02,P100,19,0.1
INV-10307,2025-08-26,R04,P500,22,0.05
INV-10504,2025-08-26,R04,P100,14,0
INV-10684,2025-08-26,R04,P300,25,0
INV-10819,2025-08-26,R04,P100,2,0
INV-11060,2025-08-26,R02,P600,6,0.05
INV-10143,2025-08-27,R03,P400,11,0
INV-10409,2025-08-27,R03,P100,15,0
INV-10468,2025-08-27,R02,P300,13,0.05
INV-10681,2025-08-27,R03,P300,11,0
INV-10124,2025-08-28,R01,P200,13,0
INV-10085,2025-08-29,R02,P200,15,0.05
INV-10309,2025-08-29,R03,P400,9,0
INV-10515,2025-08-29,R02,P300,12,0.05
INV-11080,2025-08-29,R01,P500,23,0.1
INV-10198,2025-08-30,R04,P200,18,0
INV-10241,2025-08-30,R03,P100,20,0
INV-10658,2025-08-30,R01,P100,19,0
INV-10761,2025-08-30,R03,P400,3,0.1
INV-10820,2025-08-30,R01,P200,22,0.1
INV-11008,2025-08-30,R04,P500,3,0
INV-11173,2025-08-30,R03,P100,7,0
INV-10425,2025-08-31,R04,P500,5,0
INV-10842,2025-08-31,R02,P600,7,0
INV-10938,2025-08-31,R02,P200,5,0.1
INV-10260,2025-09-01,R03,P400,17,0
INV-10429,2025-09-01,R03,P100,11,0
INV-11030,2025-09-01,R03,P300,7,0.05
INV-10120,2025-09-02,R03,P100,10,0.1
INV-10464,2025-09-02,R02,P300,1,0.05
INV-11039,2025-09-02,R01,P500,17,0.05
INV-11081,2025-09-02,R01,P300,25,0.1
INV-10391,2025-09-03,R04,P500,25,0.1
INV-10979,2025-09-03,R02,P200,21,0.1
INV-10054,2025-09-04,R04,P200,2,0
INV-10235,2025-09-04,R03,P300,4,0.1
INV-10868,2025-09-04,R04,P300,5,0
INV-10985,2025-09-04,R02,P200,14,0
INV-11162,2025-09-04,R02,P500,16,0.1
INV-10561,2025-09-05,R03,P100,9,0
INV-10583,2025-09-05,R03,P100,14,0
INV-11150,2025-09-05,R04,P200,23,0
INV-10288,2025-09-06,R04,P500,14,0.05
INV-10607,2025-09-06,R02,P200,13,0.1
INV-10950,2025-09-06,R03,P400,20,0.05
INV-10824,2025-09-07,R02,P300,11,0
INV-10924,2025-09-07,R03,P100,21,0
INV-10974,2025-09-07,R01,P400,17,0
INV-11052,2025-09-07,R03,P300,18,0
INV-10605,2025-09-08,R02,P300,6,0.05
INV-10609,2025-09-08,R01,P200,19,0
INV-10794,2025-09-08,R04,P500,6,0.1
INV-10264,2025-09-09,R04,P600,3,0
INV-10784,2025-09-09,R01,P600,8,0
INV-11037,2025-09-09,R03,P200,13,0
INV-10146,2025-09-11,R02,P300,16,0
INV-10456,2025-09-11,R03,P200,2,0
INV-10870,2025-09-11,R01,P200,25,0.1
INV-10294,2025-09-12,R04,P600,6,0
INV-10414,2025-09-12,R01,P100,13,0.1
INV-10672,2025-09-12,R03,P400,2,0.1
INV-10875,2025-09-12,R01,P600,4,0.1
INV-10351,2025-09-13,R01,P500,21,0
INV-10413,2025-09-13,R04,P500,16,0.05
INV-10519,2025-09-13,R03,P500,9,0.1
INV-10544,2025-09-14,R03,P600,2,0
INV-11161,2025-09-14,R02,P400,25,0
INV-11183,2025-09-14,R01,P400,2,0
INV-10059,2025-09-15,R02,P500,2,0
INV-10963,2025-09-15,R02,P100,20,0
INV-10004,2025-09-16,R01,P500,18,0
INV-10073,2025-09-16,R03,P400,2,0
INV-10316,2025-09-16,R02,P600,2,0
INV-10692,2025-09-16,R04,P200,3,0
INV-10891,2025-09-16,R04,P400,20,0
INV-10031,2025-09-17,R03,P100,21,0
INV-10095,2025-09-17,R04,P300,11,0.1
INV-10428,2025-09-17,R04,P500,23,0.05
INV-10872,2025-09-17,R04,P200,13,0
INV-11021,2025-09-17,R01,P100,17,0.05
INV-10024,2025-09-18,R01,P400,25,0
INV-10197,2025-09-18,R03,P600,14,0.1
INV-10326,2025-09-18,R01,P300,12,0.05
INV-10877,2025-09-18,R02,P500,21,0.1
INV-11181,2025-09-18,R01,P600,11,0.1
INV-10602,2025-09-19,R04,P400,20,0
INV-10845,2025-09-19,R01,P600,10,0
INV-10340,2025-09-20,R04,P200,3,0
INV-10189,2025-09-21,R04,P100,14,0
INV-10408,2025-09-21,R01,P500,11,0
INV-10964,2025-09-21,R04,P200,6,0
INV-10788,2025-09-22,R01,P300,17,0
INV-10809,2025-09-22,R01,P200,20,0.1
INV-11086,2025-09-22,R03,P500,10,0.05
INV-11017,2025-09-23,R01,P100,3,0.05
INV-10998,2025-09-24,R04,P100,21,0
INV-11190,2025-09-24,R02,P600,14,0
INV-10989,2025-09-25,R04,P500,5,0
INV-10354,2025-09-26,R01,P300,17,0
INV-10501,2025-09-26,R04,P300,14,0
INV-10671,2025-09-26,R03,P100,23,0
INV-11069,2025-09-26,R01,P100,9,0
INV-11076,2025-09-26,R03,P600,12,0.1
INV-11155,2025-09-26,R03,P100,18,0
INV-10732,2025-09-27,R01,P300,12,0.1
INV-10027,2025-09-28,R01,P300,22,0
INV-10474,2025-09-28,R03,P600,3,0
INV-10488,2025-09-28,R02,P200,1,0
INV-10656,2025-09-28,R03,P100,11,0
INV-10234,2025-09-29,R03,P500,6,0.05
INV-10528,2025-09-29,R03,P600,18,0.05
INV-10821,2025-09-29,R04,P300,2,0
INV-10888,2025-09-29,R01,P600,18,0.1
INV-11184,2025-09-29,R03,P300,16,0.1
INV-10620,2025-09-30,R02,P300,11,0.05
INV-10576,2025-10-01,R04,P500,18,0
INV-10839,2025-10-01,R01,P500,20,0
INV-10934,2025-10-01,R01,P100,25,0
INV-10050,2025-10-02,R02,P400,14,0
INV-10507,2025-10-02,R02,P600,2,0.05
INV-10202,2025-10-03,R03,P400,11,0.1
INV-10472,2025-10-03,R02,P600,25,0
INV-10611,2025-10-03,R02,P300,25,0.1
INV-10926,2025-10-03,R01,P500,21,0
INV-10957,2025-10-03,R03,P200,24,0
INV-10115,2025-10-04,R02,P100,5,0
INV-10256,2025-10-04,R02,P300,4,0
INV-11074,2025-10-04,R04,P300,5,0
INV-11077,2025-10-04,R01,P200,15,0.05
INV-10212,2025-10-05,R01,P100,8,0.05
INV-10483,2025-10-05,R01,P100,16,0
INV-10614,2025-10-05,R04,P100,18,0
INV-10766,2025-10-05,R02,P400,18,0
INV-10175,2025-10-06,R02,P200,9,0
INV-10250,2025-10-06,R03,P600,2,0.1
INV-10363,2025-10-06,R03,P400,2,0
INV-10960,2025-10-06,R04,P500,21,0
INV-11115,2025-10-06,R03,P300,24,0.1
INV-10439,2025-10-07,R03,P300,20,0.1
INV-10685,2025-10-07,R02,P200,1,0.1
INV-10747,2025-10-07,R01,P400,16,0
INV-10939,2025-10-07,R02,P300,10,0.05
INV-10348,2025-10-08,R04,P600,4,0.05
INV-10751,2025-10-08,R03,P100,20,0.1
INV-10882,2025-10-08,R03,P500,23,0
INV-11160,2025-10-08,R03,P400,3,0.1
INV-10037,2025-10-09,R03,P200,17,0.1
INV-10052,2025-10-09,R01,P100,21,0
INV-10187,2025-10-09,R04,P100,3,0.05
INV-10192,2025-10-09,R03,P200,15,0.1
INV-11102,2025-10-09,R01,P500,9,0.1
INV-11139,2025-10-09,R03,P300,14,0.1
INV-10076,2025-10-10,R04,P600,18,0
INV-10677,2025-10-11,R04,P600,8,0.05
INV-10682,2025-10-11,R01,P400,12,0
INV-10148,2025-10-12,R02,P100,3,0
INV-10500,2025-10-12,R01,P400,12,0.1
INV-10704,2025-10-12,R02,P600,4,0.1
INV-11188,2025-10-12,R02,P300,5,0.05
INV-10166,2025-10-13,R02,P400,25,0.1
INV-10237,2025-10-13,R01,P300,13,0
INV-11134,2025-10-13,R04,P600,24,0
INV-11196,2025-10-13,R01,P500,6,0.05
INV-10816,2025-10-14,R03,P200,21,0
INV-11003,2025-10-14,R04,P500,9,0.05
INV-11018,2025-10-14,R03,P500,12,0.05
INV-11114,2025-10-14,R04,P300,7,0
INV-10437,2025-10-15,R04,P300,17,0.1
INV-10133,2025-10-16,R04,P200,23,0.05
INV-10165,2025-10-16,R01,P300,8,0
INV-10400,2025-10-16,R01,P100,3,0
INV-10542,2025-10-16,R04,P200,22,0.05
INV-10579,2025-10-16,R04,P600,25,0.05
INV-10726,2025-10-16,R04,P200,18,0.05
INV-10138,2025-10-17,R03,P100,18,0.1
INV-10533,2025-10-17,R02,P200,10,0
INV-10612,2025-10-17,R04,P600,18,0
INV-10965,2025-10-17,R02,P500,24,0.1
INV-11001,2025-10-17,R03,P300,22,0.1
INV-10020,2025-10-18,R03,P600,7,0.1
INV-10035,2025-10-18,R01,P100,24,0.1
INV-10377,2025-10-18,R02,P100,22,0.1
INV-10673,2025-10-18,R03,P200,6,0.05
INV-10145,2025-10-19,R04,P500,11,0
INV-10419,2025-10-19,R02,P500,12,0.05
INV-11149,2025-10-19,R01,P200,24,0.05
INV-10045,2025-10-20,R04,P500,8,0.1
INV-10204,2025-10-20,R02,P400,25,0.1
INV-10402,2025-10-20,R01,P400,16,0.05
INV-10679,2025-10-20,R01,P300,17,0
INV-10779,2025-10-20,R04,P500,2,0
INV-10161,2025-10-21,R04,P300,16,0.1
INV-10298,2025-10-21,R04,P400,10,0
INV-10379,2025-10-21,R03,P200,13,0.05
INV-10444,2025-10-21,R04,P600,13,0.05
INV-10613,2025-10-21,R03,P100,25,0.05
INV-10768,2025-10-21,R04,P200,10,0
INV-11191,2025-10-21,R04,P200,10,0.05
INV-10392,2025-10-22,R02,P100,11,0
INV-10568,2025-10-22,R03,P200,13,0.05
INV-10603,2025-10-22,R04,P400,6,0.1
INV-11020,2025-10-22,R03,P100,6,0.1
INV-11048,2025-10-22,R02,P600,4,0.05
INV-10012,2025-10-23,R01,P200,2,0
INV-10164,2025-10-23,R01,P600,5,0
INV-10182,2025-10-23,R02,P100,16,0.1
INV-10277,2025-10-23,R02,P500,5,0.1
INV-10412,2025-10-23,R03,P600,7,0
INV-10497,2025-10-23,R03,P500,8,0.05
INV-10625,2025-10-23,R03,P600,21,0.1
INV-10826,2025-10-23,R04,P200,25,0
INV-11004,2025-10-23,R04,P300,24,0
INV-11038,2025-10-23,R01,P200,17,0.1
INV-11193,2025-10-25,R02,P500,5,0.05
INV-10023,2025-10-26,R03,P400,8,0
INV-10322,2025-10-26,R02,P600,12,0.05
INV-10477,2025-10-26,R01,P400,17,0.1
INV-10898,2025-10-26,R04,P500,22,0.05
INV-10986,2025-10-26,R03,P200,6,0.05
INV-10119,2025-10-27,R01,P600,25,0.1
INV-10721,2025-10-27,R02,P200,4,0
INV-10889,2025-10-27,R02,P400,23,0
INV-10912,2025-10-27,R01,P300,11,0.1
INV-10254,2025-10-28,R02,P200,11,0
INV-10509,2025-10-28,R02,P600,16,0
INV-10731,2025-10-28,R02,P600,25,0
INV-10733,2025-10-28,R03,P100,10,0.05
INV-10795,2025-10-28,R03,P500,12,0
INV-11025,2025-10-28,R04,P100,4,0.05
INV-10006,2025-10-29,R01,P300,25,0
INV-10650,2025-10-29,R04,P600,12,0.1
INV-10725,2025-10-30,R03,P100,19,0
INV-10959,2025-10-30,R01,P200,18,0.05
INV-11075,2025-10-30,R04,P500,21,0.1
INV-10399,2025-10-31,R02,P500,6,0.05
INV-10570,2025-10-31,R02,P500,22,0
INV-10773,2025-11-01,R03,P300,24,0
INV-11151,2025-11-01,R03,P600,2,0.1
INV-10026,2025-11-02,R04,P100,13,0.1
INV-10255,2025-11-02,R03,P100,5,0
INV-10431,2025-11-02,R03,P400,21,0
INV-10597,2025-11-02,R04,P400,19,0
INV-10914,2025-11-02,R03,P100,16,0.05
INV-11182,2025-11-02,R01,P500,6,0
INV-10033,2025-11-03,R04,P300,1,0
INV-10983,2025-11-03,R01,P500,24,0.05
INV-10996,2025-11-03,R04,P500,9,0
INV-11013,2025-11-03,R02,P500,20,0
INV-10801,2025-11-04,R02,P100,9,0.05
INV-10369,2025-11-05,R03,P200,11,0
INV-10371,2025-11-05,R04,P600,6,0.1
INV-10566,2025-11-05,R02,P600,16,0.05
INV-10977,2025-11-05,R01,P600,22,0
INV-10072,2025-11-06,R03,P200,7,0.05
INV-10180,2025-11-06,R01,P300,3,0
INV-10337,2025-11-06,R03,P200,2,0.1
INV-10471,2025-11-07,R04,P300,23,0.1
INV-10753,2025-11-07,R02,P400,2,0
INV-10016,2025-11-08,R02,P600,18,0
INV-10280,2025-11-08,R03,P600,1,0
INV-10104,2025-11-09,R04,P100,14,0
INV-10647,2025-11-09,R02,P600,15,0.05
INV-10069,2025-11-10,R01,P600,22,0.05
INV-10110,2025-11-10,R04,P600,18,0.1
INV-10390,2025-11-10,R01,P100,10,0.1
INV-10864,2025-11-10,R02,P100,16,0.1
INV-11122,2025-11-10,R03,P300,14,0.05
INV-10373,2025-11-11,R03,P400,21,0
INV-10398,2025-11-11,R01,P500,17,0
INV-10492,2025-11-11,R02,P100,7,0
INV-11035,2025-11-11,R01,P100,16,0.05
INV-10411,2025-11-12,R02,P400,6,0.05
INV-10427,2025-11-12,R03,P600,19,0.05
INV-11130,2025-11-12,R01,P300,24,0
INV-10330,2025-11-13,R04,P200,5,0
INV-10526,2025-11-13,R04,P600,22,0.1
INV-10062,2025-11-14,R04,P100,22,0.05
INV-10219,2025-11-14,R02,P600,16,0
INV-10229,2025-11-14,R02,P300,21,0
INV-10531,2025-11-14,R03,P500,12,0.05
INV-10564,2025-11-14,R03,P400,15,0.05
INV-11036,2025-11-14,R04,P300,19,0.05
INV-10844,2025-11-15,R02,P500,14,0
INV-11175,2025-11-15,R02,P600,23,0
INV-10094,2025-11-16,R01,P300,24,0.05
INV-10421,2025-11-16,R01,P600,5,0
INV-10113,2025-11-17,R03,P200,15,0
INV-10191,2025-11-17,R01,P400,7,0.05
INV-10562,2025-11-17,R02,P400,15,0
INV-10634,2025-11-17,R01,P400,4,0
INV-10639,2025-11-17,R02,P300,14,0
INV-10831,2025-11-17,R02,P600,8,0.05
INV-11109,2025-11-17,R01,P100,12,0
INV-10230,2025-11-18,R01,P600,10,0.1
INV-10308,2025-11-18,R02,P300,15,0
INV-10360,2025-11-20,R02,P200,3,0.1
INV-10074,2025-11-21,R03,P400,2,0
INV-10214,2025-11-21,R01,P600,15,0
INV-11154,2025-11-21,R04,P600,2,0.05
INV-10604,2025-11-22,R02,P500,18,0
INV-10793,2025-11-22,R01,P100,8,0.05
INV-10240,2025-11-23,R01,P300,22,0
INV-11103,2025-11-23,R02,P300,12,0
INV-11135,2025-11-23,R03,P500,22,0.1
INV-10000,2025-11-24,R01,P100,24,0.05
INV-10223,2025-11-24,R03,P400,15,0.05
INV-10740,2025-11-24,R01,P500,16,0
INV-10401,2025-11-25,R03,P500,21,0
INV-10403,2025-11-25,R04,P300,8,0.1
INV-10485,2025-11-25,R04,P600,12,0.1
INV-10520,2025-11-25,R04,P600,15,0
INV-10646,2025-11-25,R02,P600,3,0
INV-10921,2025-11-25,R02,P500,2,0.05
INV-10359,2025-11-26,R04,P200,23,0.1
INV-10150,2025-11-27,R04,P600,15,0
INV-10537,2025-11-27,R01,P300,17,0
INV-10943,2025-11-27,R02,P500,6,0
INV-10946,2025-11-27,R01,P500,10,0
INV-10196,2025-11-28,R04,P200,23,0.05
INV-10242,2025-11-28,R04,P100,23,0.05
INV-10506,2025-11-28,R04,P100,12,0
INV-10714,2025-11-28,R04,P300,14,0.1
INV-10904,2025-11-28,R04,P500,8,0.05
INV-10005,2025-11-29,R04,P600,8,0.1
INV-10130,2025-11-29,R01,P100,25,0
INV-10243,2025-11-29,R01,P400,5,0
INV-10380,2025-11-29,R02,P300,4,0
INV-10735,2025-11-29,R02,P300,23,0.05
INV-10970,2025-11-29,R01,P300,23,0.05
INV-11163,2025-11-30,R02,P500,18,0
INV-10487,2025-12-01,R01,P300,6,0.1
INV-10534,2025-12-01,R01,P600,3,0.1
INV-11063,2025-12-01,R03,P300,20,0.1
INV-10268,2025-12-02,R02,P600,14,0.1
INV-10306,2025-12-02,R02,P100,25,0.1
INV-10323,2025-12-02,R04,P600,5,0
INV-10808,2025-12-02,R03,P600,7,0
INV-10811,2025-12-02,R03,P400,9,0.1
INV-11128,2025-12-02,R01,P400,15,0
INV-11195,2025-12-02,R02,P500,11,0
INV-10578,2025-12-03,R03,P600,6,0
INV-10722,2025-12-03,R03,P200,18,0
INV-11126,2025-12-03,R03,P400,2,0.05
INV-11138,2025-12-03,R04,P200,12,0.05
INV-10262,2025-12-04,R03,P500,15,0
INV-10574,2025-12-04,R04,P200,13,0
INV-10653,2025-12-04,R02,P300,17,0
INV-11005,2025-12-04,R02,P100,15,0
INV-10139,2025-12-05,R01,P300,17,0.05
INV-10755,2025-12-05,R03,P300,8,0
INV-10758,2025-12-05,R04,P600,7,0
INV-10810,2025-12-05,R02,P300,24,0
INV-10840,2025-12-05,R01,P100,2,0
INV-11179,2025-12-05,R03,P300,4,0
INV-10070,2025-12-06,R02,P100,9,0
INV-10252,2025-12-06,R01,P200,2,0.05
INV-11073,2025-12-06,R03,P300,16,0.1
INV-10097,2025-12-07,R02,P400,20,0.05
INV-10221,2025-12-08,R04,P100,10,0
INV-11104,2025-12-08,R01,P200,8,0.1
INV-10449,2025-12-09,R02,P500,21,0
INV-10867,2025-12-09,R01,P300,14,0
INV-10275,2025-12-10,R04,P100,12,0.1
INV-10814,2025-12-10,R03,P300,6,0
INV-10048,2025-12-11,R01,P600,2,0.1
INV-10239,2025-12-11,R03,P600,19,0.1
INV-10480,2025-12-11,R01,P300,13,0.05
INV-10599,2025-12-11,R03,P600,20,0
INV-10600,2025-12-11,R03,P200,4,0
INV-10896,2025-12-11,R02,P200,17,0.05
INV-11157,2025-12-11,R04,P600,15,0
INV-10181,2025-12-12,R01,P500,25,0.05
INV-10287,2025-12-12,R03,P100,15,0.1
INV-11014,2025-12-12,R03,P100,8,0
INV-10002,2025-12-13,R01,P600,19,0.1
INV-10992,2025-12-14,R04,P600,17,0.1
INV-11057,2025-12-14,R02,P500,19,0
INV-10473,2025-12-15,R01,P500,17,0.1
INV-10548,2025-12-15,R04,P500,3,0.05
INV-11101,2025-12-15,R03,P300,6,0
INV-10028,2025-12-16,R03,P500,25,0.05
INV-10772,2025-12-16,R02,P400,21,0
INV-10800,2025-12-16,R04,P100,5,0
INV-10018,2025-12-17,R01,P300,8,0
INV-10558,2025-12-17,R02,P400,5,0.05
INV-10272,2025-12-18,R01,P400,3,0
INV-10707,2025-12-18,R01,P600,19,0.05
INV-10929,2025-12-18,R01,P200,15,0.05
INV-10636,2025-12-19,R03,P200,6,0.05
INV-10737,2025-12-19,R02,P300,6,0
INV-10999,2025-12-19,R04,P300,12,0
INV-11107,2025-12-19,R02,P500,12,0
INV-11194,2025-12-19,R02,P600,14,0
INV-10300,2025-12-20,R01,P300,14,0
INV-10442,2025-12-20,R04,P600,11,0.1
INV-10469,2025-12-20,R03,P100,12,0
INV-10902,2025-12-20,R02,P300,25,0
INV-10367,2025-12-21,R03,P400,17,0.05
INV-10467,2025-12-21,R01,P200,22,0
INV-10572,2025-12-21,R04,P100,22,0.1
INV-10744,2025-12-21,R03,P100,9,0
INV-10905,2025-12-21,R01,P600,13,0.1
INV-10215,2025-12-22,R01,P300,2,0.05
INV-10383,2025-12-22,R02,P400,4,0
INV-10643,2025-12-22,R04,P200,3,0
INV-10951,2025-12-22,R02,P500,19,0.05
INV-11023,2025-12-22,R04,P400,19,0.1
INV-10096,2025-12-23,R02,P300,7,0.1
INV-10105,2025-12-23,R04,P400,13,0
INV-10861,2025-12-23,R01,P600,6,0
INV-11095,2025-12-23,R03,P100,3,0
INV-10007,2025-12-24,R03,P400,9,0
INV-10160,2025-12-24,R04,P200,4,0
INV-11041,2025-12-24,R04,P500,11,0
INV-10178,2025-12-25,R03,P400,17,0.1
INV-10226,2025-12-25,R01,P300,22,0.1
INV-10935,2025-12-25,R03,P100,17,0
INV-11028,2025-12-25,R02,P300,10,0
INV-10173,2025-12-26,R01,P400,22,0
INV-10536,2025-12-26,R01,P200,16,0.1
INV-10623,2025-12-26,R02,P200,5,0.05
INV-10738,2025-12-26,R04,P500,25,0
INV-10894,2025-12-26,R03,P500,23,0
INV-11110,2025-12-26,R01,P500,5,0.1
INV-11136,2025-12-26,R04,P600,4,0
INV-10594,2025-12-27,R01,P100,18,0
INV-10640,2025-12-27,R01,P100,7,0.1
INV-10752,2025-12-27,R04,P100,21,0
INV-10346,2025-12-28,R04,P400,20,0
INV-10317,2025-12-29,R04,P400,17,0
INV-10386,2025-12-30,R03,P100,10,0
INV-10618,2025-12-30,R04,P500,6,0
INV-10897,2025-12-30,R03,P100,18,0.1
INV-10913,2025-12-30,R01,P200,5,0.05
INV-10387,2025-12-31,R02,P600,12,0
INV-10541,2025-12-31,R01,P400,10,0
INV-10802,2025-12-31,R03,P600,14,0.1
