JournalID,PostingDate,RegionID,Account,Amount
JE-R01-01,2025-01-28,R01,4000-Revenue,72841.0
JE-R01-02,2025-02-28,R01,4000-Revenue,149958.0
JE-R01-03,2025-03-28,R01,4000-Revenue,193256.5
JE-R01-04,2025-04-28,R01,4000-Revenue,133263.5
JE-R01-05,2025-05-28,R01,4000-Revenue,123942.32
JE-R01-06,2025-06-28,R01,4000-Revenue,228720.0
JE-R01-07,2025-07-28,R01,4000-Revenue,187469.93
JE-R01-08,2025-08-28,R01,4000-Revenue,200102.0
JE-R01-09,2025-09-28,R01,4000-Revenue,166111.0
JE-R01-10,2025-10-28,R01,4000-Revenue,247464.5
JE-R01-11,2025-11-28,R01,4000-Revenue,184219.5
JE-R01-12,2025-12-28,R01,4000-Revenue,151975.5
JE-R02-01,2025-01-28,R02,4000-Revenue,125590.5
JE-R02-02,2025-02-28,R02,4000-Revenue,206922.89
JE-R02-03,2025-03-28,R02,4000-Revenue,165908.5
JE-R02-04,2025-04-28,R02,4000-Revenue,111815.0
JE-R02-05,2025-05-28,R02,4000-Revenue,189700.0
JE-R02-06,2025-06-28,R02,4000-Revenue,162110.0
JE-R02-07,2025-07-28,R02,4000-Revenue,247833.0
JE-R02-08,2025-08-28,R02,4000-Revenue,165257.5
JE-R02-09,2025-09-28,R02,4000-Revenue,94344.44
JE-R02-10,2025-10-28,R02,4000-Revenue,224540.0
JE-R02-11,2025-11-28,R02,4000-Revenue,118198.53
JE-R02-12,2025-12-28,R02,4000-Revenue,161376.5
JE-R03-01,2025-01-28,R03,4000-Revenue,152118.0
JE-R03-02,2025-02-28,R03,4000-Revenue,127875.5
JE-R03-03,2025-03-28,R03,4000-Revenue,199497.5
JE-R03-04,2025-04-28,R03,4000-Revenue,258066.0
JE-R03-05,2025-05-28,R03,4000-Revenue,191077.0
JE-R03-06,2025-06-28,R03,4000-Revenue,197597.5
JE-R03-07,2025-07-28,R03,4000-Revenue,203181.83
JE-R03-08,2025-08-28,R03,4000-Revenue,223601.0
JE-R03-09,2025-09-28,R03,4000-Revenue,235002.0
JE-R03-10,2025-10-28,R03,4000-Revenue,218805.0
JE-R03-11,2025-11-28,R03,4000-Revenue,136204.0
JE-R03-12,2025-12-28,R03,4000-Revenue,211184.5
JE-R04-01,2025-01-28,R04,4000-Revenue,97784.5
JE-R04-02,2025-02-28,R04,4000-Revenue,190760.0
JE-R04-03,2025-03-28,R04,4000-Revenue,152596.0
JE-R04-04,2025-04-28,R04,4000-Revenue,109348.58
JE-R04-05,2025-05-28,R04,4000-Revenue,220084.96
JE-R04-06,2025-06-28,R04,4000-Revenue,119332.5
JE-R04-07,2025-07-28,R04,4000-Revenue,151349.5
JE-R04-08,2025-08-28,R04,4000-Revenue,145204.0
JE-R04-09,2025-09-28,R04,4000-Revenue,135287.0
JE-R04-10,2025-10-28,R04,4000-Revenue,159803.32
JE-R04-11,2025-11-28,R04,4000-Revenue,174511.5
JE-R04-12,2025-12-28,R04,4000-Revenue,187460.0
